,id,Sequence,Stereochemistry,natural_aminoacids,source
0,1001,FLPLLAGLAANFLPTIICKISYKC,L,1,CancerPPD
1,1002,LLAGLAANFLPTIICKISYKC,L,1,CancerPPD
2,1003,FAGLAANFLPTIICKISYKC,L,1,CancerPPD
3,1004,FLKLLKKLAAKFLPTIICKISYKC,L,1,CancerPPD
4,1005,FLKLLKKLAAKLF,L,1,CancerPPD
6,1007,FLGALFKALSKLL,L,1,CancerPPD
7,1008,FLKLLAGLLKNFA,L,1,CancerPPD
40,1041,AIGKFLHSAKKFGKAFVGEIMNS,L,1,CancerPPD
46,1047,GIGKFLHSAKKFAKAFVAEIMNS,L,1,CancerPPD
52,1053,RAGLQFPVGRLLRRLLRRLLR,L,1,CancerPPD
110,1111,FKCRRWQWRMKKLGA,L,1,CancerPPD
114,1116,GIGKFLHSAKKFGKAFVGEIMNS,L,1,CancerPPD
115,1117,GIGKFLKKAKKFAKAFVKIINN,L,1,CancerPPD
116,1119,KWKLFKKIPKFLHSAKKF,L,1,CancerPPD
117,1120,KWKFKKIPKFLHLAKKF,L,1,CancerPPD
118,1121,KWKLFKKILKFLHLAKKF,L,1,CancerPPD
119,1122,KWKLFKKISKFLHLAKKF,L,1,CancerPPD
120,1123,WKLFKKIPKFLHLAKKF,L,1,CancerPPD
121,1124,FKLFKKIPKFLHLAKKF,L,1,CancerPPD
122,1125,KWFKKIPKFLHLAKKF,L,1,CancerPPD
123,1126,WFKKIPKFLHLAKKF,L,1,CancerPPD
124,1127,WKKIPKFLHLAKKF,L,1,CancerPPD
125,1128,WFKKIPKFLHLLKKF,L,1,CancerPPD
126,1129,WKKIPKFLHLLKKF,L,1,CancerPPD
128,1131,KWKLFKKIPFLHLAKKF,L,1,CancerPPD
129,1132,KWKLFKKIPKFLHLAKK,L,1,CancerPPD
130,1133,KWKLFKKIPLHLAKKF,L,1,CancerPPD
131,1134,KWKLFKKIPKFLHLAK,L,1,CancerPPD
132,1135,KWKLFKKIPHLAKKF,L,1,CancerPPD
133,1136,KWKLFKKIPKFLHLA,L,1,CancerPPD
134,1137,KWKLFKKIPLAKKF,L,1,CancerPPD
135,1138,KWKLFKKIPKFLHL,L,1,CancerPPD
136,1139,KWKLFKKIPLKKF,L,1,CancerPPD
137,1140,KWKLFKKIPKFLH,L,1,CancerPPD
147,1150,KWFKKIPKFLHLLKKF,L,1,CancerPPD
182,1185,KWKLFKKIGIGKFLHSAKKF,L,1,CancerPPD
183,1186,KWKLFKKIKFLHSAKKF,L,1,CancerPPD
185,1188,KWKLFKKIGPGKFLHSAKKF,L,1,CancerPPD
199,1202,KWKLFKKIGIGAVLKVLTTG,L,1,CancerPPD
200,1203,KWKLFKKIGIGAVLKVLKKG,L,1,CancerPPD
201,1204,KWKLFKKIGIGKFLHSATTF,L,1,CancerPPD
202,1205,KWKLFKKIGIGAFLHSAKKF,L,1,CancerPPD
203,1206,KWKLFKKIGIGKFLHLAKKF,L,1,CancerPPD
204,1207,KWKLFKKIGIGAFLHLAKKF,L,1,CancerPPD
205,1208,KWKLFKKIGIGKFKLAKKF,L,1,CancerPPD
206,1209,KWKLFAKIGIGKFLHLAKKF,L,1,CancerPPD
207,1210,KWKKFLKIGIGKFLHLAKKF,L,1,CancerPPD
228,1231,KWKVFKKIEKMGRNIRNGIVKAGPAIAVLGEAKAL,L,1,CancerPPD
232,1235,SWLSKTAKKLENSAKKRISEGIAIAIQGGPR,L,1,CancerPPD
236,1239,MPRWRLFRRIDRVGKQIKQGILRAGPAIALVGDARAVG,L,1,CancerPPD
249,1252,GLFDIIKKIAESF,L,1,CancerPPD
258,1261,GLFDIVKKVVGAFGSL,L,1,CancerPPD
267,1270,GLFDIAKKVIGVIGSL,L,1,CancerPPD
276,1279,GLFDIVKKIAGHIAGSI,L,1,CancerPPD
285,1288,GLFDIVKKIAGHIASSI,L,1,CancerPPD
294,1297,GLFDIVKKIAGHIVSSI,L,1,CancerPPD
312,1317,KWKLFKKIEKVGQNIRDGIIKAGPAVAVVGQATQIAK,L,1,CancerPPD
316,1323,KWKIFKKIEKVGRNIRNGIIKAGPAVAVLGEAKAL,L,1,CancerPPD
335,1350,ETFSDLWKLL,L,1,CancerPPD
337,1352,FKCRRWQWRMKKLGAPSITCVR,L,1,CancerPPD
338,1353,RKAFRWAWRMLKKAAPSITCVR,L,1,CancerPPD
339,1354,GIGKFLHAAKKFAKAFVAEIMNS,L,1,CancerPPD
342,1357,ALSKALSKALSKALSKALSKALSK,L,1,CancerPPD
399,1420,TRSSRAGLQFPVGRVHRLLRK,L,1,CancerPPD
400,1421,GLFDVIKKVASVIGGL,L,1,CancerPPD
402,1423,AKRHHGYKRKFH,L,1,CancerPPD
403,1424,ILRWPWWPWRRK,L,1,CancerPPD
404,1425,GIGKFLKKAKKFGKAFVKILKK,L,1,CancerPPD
405,1426,RGGRLCYCRRRFCVCVGR,L,1,CancerPPD
406,1427,FLPLIGRVLSGIL,L,1,CancerPPD
407,1428,KILRGVCKKIMRTFLRRISKDILTGKK,L,1,CancerPPD
411,1432,GIIKKIIIKKI,L,1,CancerPPD
412,1433,GIIKKIIIKKIIIKKI,L,1,CancerPPD
413,1438,GIIKKIIIKKIIIKKIIIKKI,L,1,CancerPPD
414,1445,KWKSFAKTFKSAKKTVAHTALKAISS,L,1,CancerPPD
415,1446,KWKSFLKTFKSAKKTVAHTAAKAISS,L,1,CancerPPD
416,1447,KWKSFLKTFKSAKKTVAHTALKAISS,L,1,CancerPPD
418,1449,KWKSFAKTFKSAKKTVLHTALKAISS,L,1,CancerPPD
419,1450,KWKSFLKTFKSAKKTVLHTALKAISS,L,1,CancerPPD
420,1451,KWKSFLKTFKSLKKTVLHTALKAISS,L,1,CancerPPD
421,1452,KWKSFLKTFKSAKKTVLHTLLKAISS,L,1,CancerPPD
422,1453,KWKSFLKTFKSLKKTVLHTLLKAISS,L,1,CancerPPD
423,1454,KWKSFLKTFKSLKKTVLHTLLKLISS,L,1,CancerPPD
494,1525,LLGDFFRKSKEK,L,1,CancerPPD
495,1526,IGKEFKRIVQRIKDFLRNLVPRTES,L,1,CancerPPD
496,1527,FKRIVQRIKDFLRNLV,L,1,CancerPPD
497,1528,FKRIVQRIKDFLR,L,1,CancerPPD
502,1535,LLGDFKRIVQRIKDF,L,1,CancerPPD
510,1543,GFFALIPKIISSPLFKTLLSAVGSALSSSGGQE,L,1,CancerPPD
514,1547,KAQIRAMECNIL,L,1,CancerPPD
515,1548,RKKRRQRRR,L,1,CancerPPD
516,1549,KAQIRAMECNILGRKKRRQRRR,L,1,CancerPPD
517,1604,PEWFKCRRWQWRMKKLGA,L,1,CancerPPD
518,1605,PAWFKARRWAWRMKKLAA,L,1,CancerPPD
519,1606,PAWRKAFRWAWRMKKLAA,L,1,CancerPPD
520,1607,PAWFKARRWAWRMLKKAA,L,1,CancerPPD
521,1608,PAWRKAFRWAWRMLKKAA,L,1,CancerPPD
522,1609,PAWRKAFRWAARMLKKAA,L,1,CancerPPD
523,1610,PAWRKAFRAAWRMLKKAA,L,1,CancerPPD
524,1611,PAWAKAFRAAARMKLKAA,L,1,CancerPPD
525,1612,PAWRKAARWAWRMLKKAA,L,1,CancerPPD
526,1613,PAARKAFRWAWRMLKKAA,L,1,CancerPPD
527,1614,PAARKAARWAWRMLKKGA,L,1,CancerPPD
528,1615,PAWRKAFRWAKRMLKKAA,L,1,CancerPPD
529,1616,PAWRKAFRKAWRMLKKAA,L,1,CancerPPD
530,1617,PAWRKARRWAWRMKKLAA,L,1,CancerPPD
531,1618,PAWRKARRWARRMKKLAA,L,1,CancerPPD
562,1649,GIGTKILGGVKTALKGALKELASTYAN,L,1,CancerPPD
563,1650,GIGGKILSGLKTALKGAAKELASTYLH,L,1,CancerPPD
564,1651,GIGVLLSAGKAALKGLAKVLAEKYAN,L,1,CancerPPD
565,1652,SIGAKILGGVKTFFKGALKELASTYLQ,L,1,CancerPPD
578,1665,LRVRLASHLRKLRKRLLRDADDLQKRLAVY,L,1,CancerPPD
583,1670,LLRHVVKILEKYL,L,1,CancerPPD
584,1671,LLRHVVKILSKYL,L,1,CancerPPD
585,1672,RGDLLRHVVKILEKYL,L,1,CancerPPD
586,1673,RGDLLRHVVKILSKYL,L,1,CancerPPD
619,1706,ALWKNMLKGIGKLAGQAALGAVKTLVGA,L,1,CancerPPD
620,1707,ALWKDILKNVGKAAGKAVLNTVTDMVNQ,L,1,CancerPPD
621,1708,ALWKTMLKKLGTMALHAGKAALGAAADTISQGTQ,L,1,CancerPPD
622,1709,KLAKLAKKLAKLAK,L,1,CancerPPD
623,1710,FLGWLFKWAKK,L,1,CancerPPD
629,1716,FLKWLFKWAKK,L,1,CancerPPD
635,1722,FLGWLFKWAWK,L,1,CancerPPD
641,1728,FLWWLFKWAWK,L,1,CancerPPD
686,1773,FALALKALKKALKKLKKALKKAL,L,1,CancerPPD
688,1775,MPKWKVFKKIEKVGRNIRNGIVKAGPAIAVLGEAKALG,L,1,CancerPPD
690,1777,FAKKLAKKLKKLAKKLAKLALAL,L,1,CancerPPD
691,1778,FALAAKALKKLAKKLKKLAKKAL,L,1,CancerPPD
692,1779,FALALKALKKLLKKLKKLAKKAL,L,1,CancerPPD
693,1780,FALALKALKKLAKKLKKLAKKAL,L,1,CancerPPD
694,1781,FALAKLAKKAKAKLKKALKAL,L,1,CancerPPD
695,1782,FALALKALKKLKKALKKAL,L,1,CancerPPD
697,1784,FAKKLAKKLKKLAKLALAL,L,1,CancerPPD
698,1785,VALALKALKKALKKLKKALKKAL,L,1,CancerPPD
699,1786,FALALKKALKALKKAL,L,1,CancerPPD
700,1787,FAKKLAKLAKKLAKLAL,L,1,CancerPPD
701,1788,FAKKLAKLAKKLAKLALAL,L,1,CancerPPD
702,1791,FAKKLAKLAKKALAL,L,1,CancerPPD
703,1792,FALAKKALKKAKKAL,L,1,CancerPPD
704,1793,FAKKLAKKLKKLAKLALAK,L,1,CancerPPD
706,1795,FAKLLAKLAKKLL,L,1,CancerPPD
707,1796,FAKKLAKLALKLAKL,L,1,CancerPPD
708,1797,FAKKLAKKLAKLAL,L,1,CancerPPD
709,1798,FAKKLKKLAKLAKKL,L,1,CancerPPD
710,1799,FAKKALKALKKL,L,1,CancerPPD
711,1800,VAKLLAKLAKKLL,L,1,CancerPPD
712,1801,FAKLLAKLAKKL,L,1,CancerPPD
713,1802,VAKKLAKLAKKLAKLAL,L,1,CancerPPD
714,1803,KWKLFKKIGAVLKVL,L,1,CancerPPD
715,1804,FAKLLAKLAKKAL,L,1,CancerPPD
716,1805,FAKLLAKALKKLL,L,1,CancerPPD
717,1806,FAKLLKLAAKKLL,L,1,CancerPPD
718,1807,FAKLLAKKLL,L,1,CancerPPD
719,1808,FAKKLAKALL,L,1,CancerPPD
720,1809,FAKKLAKKLL,L,1,CancerPPD
721,1810,FAKLAKKLL,L,1,CancerPPD
723,1812,ILPWKWPWWPWRR,L,1,CancerPPD
724,1813,FAKALKALLKALKAL,L,1,CancerPPD
725,1814,FAKLLAKLAKAKL,L,1,CancerPPD
726,1815,FAKLLAKLAKLKL,L,1,CancerPPD
727,1816,FAKKLAKKLKKLAKKLAKKWKL,L,1,CancerPPD
728,1817,FAKKLAKKLKKLAKKLAK,L,1,CancerPPD
730,1819,KWKLFKKKTKLFKKFAKKLAKKL,L,1,CancerPPD
731,1820,FAKKLAKKLAKAL,L,1,CancerPPD
732,1821,FAKKLAKKLAKLL,L,1,CancerPPD
733,1822,FAKKLAKKLAKAAL,L,1,CancerPPD
734,1823,FAKKLAKKAKLAKKL,L,1,CancerPPD
735,1824,FAKKLKKLAKKL,L,1,CancerPPD
736,1825,KTKLFKKFAKKLAKKLKKLAKKL,L,1,CancerPPD
739,1828,FAKALAKLAKKLL,L,1,CancerPPD
740,1829,FAKLLALALKLKL,L,1,CancerPPD
741,1830,FAKLLAKLAKAKA,L,1,CancerPPD
742,1831,FAKLLAKLAKAKG,L,1,CancerPPD
743,1832,FAKKLAKKLKKLAKKLAKLALALKALALKAL,L,1,CancerPPD
744,1833,FAKKLAKKLKKLAKKLIGAVLKV,L,1,CancerPPD
745,1834,FAKLLAKALKLKL,L,1,CancerPPD
746,1835,FAKLLAKALKKAL,L,1,CancerPPD
747,1836,FAKLLAKALKKL,L,1,CancerPPD
748,1837,KWKLFKKALKKLKKALKKAL,L,1,CancerPPD
749,1838,KIAKVALAKLGIGAVLKVLTTGL,L,1,CancerPPD
750,1839,FAKKLAKLAKKL,L,1,CancerPPD
751,1840,MPKEKVFLKIEKMGRNIRN,L,1,CancerPPD
752,1841,GIGAVLKVLTTGLPALISWIKRKRQQ,L,1,CancerPPD
753,1842,FAKKLAKLAKKLAKAL,L,1,CancerPPD
754,1843,FAKKLLAKALKL,L,1,CancerPPD
755,1844,FAKFLAKFLKKAL,L,1,CancerPPD
756,1845,FAKLLFKALKKAL,L,1,CancerPPD
757,1846,FAKLLAKFLKKAL,L,1,CancerPPD
758,1847,FAKLLAKAFKKAL,L,1,CancerPPD
759,1848,FAKLFAKAFKKAL,L,1,CancerPPD
760,1849,FAKLLAKALKKFL,L,1,CancerPPD
761,1850,FAKLLAKALKKFAL,L,1,CancerPPD
762,1851,FAKLLAKLAKKFAL,L,1,CancerPPD
763,1852,FAKLFAKLAKKFAL,L,1,CancerPPD
764,1853,FKLAFKLAKKAFL,L,1,CancerPPD
765,1854,FAKLLAKLAK,L,1,CancerPPD
766,1855,FAKLLAKLAKKVL,L,1,CancerPPD
767,1856,FAKLLAKLAKKIL,L,1,CancerPPD
768,1857,FAKLLAKLAKKEL,L,1,CancerPPD
769,1858,FAKLLAKLAKKSL,L,1,CancerPPD
770,1859,FAKLA,L,1,CancerPPD
771,1860,FAKLF,L,1,CancerPPD
772,1861,KAKLF,L,1,CancerPPD
773,1862,KWKLF,L,1,CancerPPD
774,1863,FGKGIGKVGKKLL,L,1,CancerPPD
775,1864,FAFGKGIGKVGKKLL,L,1,CancerPPD
776,1865,FAKAIAKIAFGKGIGKVGKKLL,L,1,CancerPPD
777,1866,FAKLWAKLAFGKGIGKVGKKLL,L,1,CancerPPD
778,1867,FAKLWAKLAKKL,L,1,CancerPPD
779,1868,FAKGVGKVGKKAL,L,1,CancerPPD
780,1869,FAFGKGIGKIGKKGL,L,1,CancerPPD
781,1870,FAKIIAKIAKIAKKIL,L,1,CancerPPD
782,1871,FAFAKIIAKIAKKII,L,1,CancerPPD
783,1872,FALALKA,L,1,CancerPPD
784,1873,KWKLAKKALALL,L,1,CancerPPD
785,1874,FAKIIAKIAKKI,L,1,CancerPPD
786,1875,FALALKALKKAL,L,1,CancerPPD
787,1876,FALKALKK,L,1,CancerPPD
788,1877,KYKKALKKLAKLL,L,1,CancerPPD
789,1878,FKRLAKIKVLRLAKIKR,L,1,CancerPPD
790,1879,FAKLAKKALAKLL,L,1,CancerPPD
791,1880,KAKLAKKALAKLL,L,1,CancerPPD
792,1881,KLALKLALKALKAAKLA,L,1,CancerPPD
793,1882,FAKLLAKLAKK,L,1,CancerPPD
794,1883,FAKLLAKLAKKGL,L,1,CancerPPD
795,1884,FALKALKKLKKALKKAL,L,1,CancerPPD
796,1885,VAKLLAKLAKKVL,L,1,CancerPPD
797,1886,YAKLLAKLAKKAL,L,1,CancerPPD
798,1887,KLLKLLLKLYKKLLKLL,L,1,CancerPPD
799,1888,FAVGLRAIKRALKKLRRGVRKVAKDL,L,1,CancerPPD
800,1889,KLAKKLAKLAKLAKAL,L,1,CancerPPD
802,1891,FALALKALKKL,L,1,CancerPPD
803,1892,FALAKALKKAL,L,1,CancerPPD
804,1893,FALALKLAKKAL,L,1,CancerPPD
805,1894,FALLKL,L,1,CancerPPD
806,1895,FALALKALKK,L,1,CancerPPD
807,1896,FALKALKKAL,L,1,CancerPPD
808,1897,FALLKALKKAL,L,1,CancerPPD
809,1898,KFKKLAKKF,L,1,CancerPPD
810,1899,KFKKLAKKW,L,1,CancerPPD
811,1900,FALALKALKKA,L,1,CancerPPD
812,1901,FALLKALLKKAL,L,1,CancerPPD
813,1902,FALALKLAKKL,L,1,CancerPPD
814,1903,LKKLAKLALAF,L,1,CancerPPD
815,1904,VALALKALKKL,L,1,CancerPPD
816,1905,FALALKLKKL,L,1,CancerPPD
817,1906,FALALKAKKL,L,1,CancerPPD
818,1907,FALA,L,1,CancerPPD
819,1908,WALAL,L,1,CancerPPD
821,1910,FAKKFAKKFKKFAKKFAKFAFAF,L,1,CancerPPD
822,1911,KKVVFKVKFK,L,1,CancerPPD
823,1912,FKVKFKVKVK,L,1,CancerPPD
824,1913,LPKWKVFKKIEKVGRNIRNGIVKAGPAIAVLGEAKALG,L,1,CancerPPD
825,1914,FAKKLAKKLKKLAKKLAKLAKKL,L,1,CancerPPD
827,1916,VAKFLAKFLKKAL,L,1,CancerPPD
828,1917,VAKKFAKKFKKFAKKFAKFAFAF,L,1,CancerPPD
829,1918,VAKKLAKLAKKLAKLALAL,L,1,CancerPPD
830,1919,VAKKLAKLAKKLLAL,L,1,CancerPPD
831,1920,VAKLLAKALKKLL,L,1,CancerPPD
834,1923,VALALKALKKLAKKLKKLAKKAL,L,1,CancerPPD
835,1924,FAKLLAKLAKKAA,L,1,CancerPPD
852,1942,FAKKLAKLAKKLLAL,L,1,CancerPPD
952,2043,KWKKLAKKW,L,1,CancerPPD
1126,2219,VAKALKALLKALKAL,L,1,CancerPPD
1276,2371,VAKALAKALLKALKAL,L,1,CancerPPD
1709,2810,RRRRRNWMWC,L,1,CancerPPD
1710,2811,RRRRRWCMNW,L,1,CancerPPD
1735,2839,GIIKKIIKKI,L,1,CancerPPD
1736,2840,GIIKKIIKKIIKKI,L,1,CancerPPD
1737,2841,GIIKKIIKKIIKKIIKKI,L,1,CancerPPD
1741,2845,ERRP,L,1,CancerPPD
1742,2846,GLWSKIKEVGKEAAKAAAKAAGKAALGAVSEAV,L,1,CancerPPD
1747,2851,FVDLKKIANIINSIF,L,1,CancerPPD
1751,2872,DEVD,L,1,CancerPPD
1758,2900,MNFNKLFVFVALVLAVCIGQSEAGWLKKIGKKIERVGQHTRDATIQTIGVAQQAANVAATLKG,L,1,CancerPPD
1759,2925,GFIFHIIKGLFHAGKMIHGLV,L,1,CancerPPD
1783,2973,FIFHIIKGLFHAGKMI,L,1,CancerPPD
1842,3032,GFFALIPKIISSPLFKTLLSAVGSALS,L,1,CancerPPD
1882,3072,MRKEFHNVLSSGQLLADKRPARDYNRK,L,1,CancerPPD
1883,3073,MWKWFHNVLSSWQLLADKRPARDYNRK,L,1,CancerPPD
1884,3074,MWKWFHNVLSWWWLLADKRPARDYNRK,L,1,CancerPPD
1885,3075,MRKWFHNVLSSGQLLADKWPAWDYNRK,L,1,CancerPPD
1886,3076,MWKEFHNVLSSGQLLADKRWARWYNRW,L,1,CancerPPD
1887,3077,MWKWFHNVLSSGQLLADKWWAWWYNWW,L,1,CancerPPD
1912,3102,PDEDAINNALNKVCSTGRRQRSICKQLLKK,L,1,CancerPPD
1918,3108,PDEDAINDALNKVCSTGRRQRSICKQLLKK,L,1,CancerPPD
1924,3114,KWLRRVWRWWR,L,1,CancerPPD
1929,3119,KRLRRVWRRWR,L,1,CancerPPD
1933,3123,FLSLIPSLVGGSISAFK,L,1,CancerPPD
1935,3125,FLGMIPGLIGGLISAFK,L,1,CancerPPD
1940,3130,FLSLIPKLVKKIIKAFK,L,1,CancerPPD
1945,3135,FLGMIPKLIKKLIKAFK,L,1,CancerPPD
1950,3140,CHHNLTHAC,L,1,CancerPPD
1953,3143,CAHNLTHAC,L,1,CancerPPD
1956,3146,CHANLTHAC,L,1,CancerPPD
1959,3149,CHHALTHAC,L,1,CancerPPD
1962,3152,CHHNATHAC,L,1,CancerPPD
1964,3154,CHHNLAHAC,L,1,CancerPPD
1965,3155,CHHNLTAAC,L,1,CancerPPD
1967,3198,MTLTG,L,1,CancerPPD
1981,3222,KVKVKVKVPPTKVKVKVK,L,1,CancerPPD
2023,3266,FLGALFHALSKLL,L,1,CancerPPD
2024,3267,FLGALFKALSHLL,L,1,CancerPPD
2025,3268,VRRFPWWWPFLRR,L,1,CancerPPD
2027,3271,KKKFPWWWPFKKK,L,1,CancerPPD
2029,3282,FKCRRWQWRMKK,L,1,CancerPPD
2035,3288,KAAKKAAKAAKKAAKAAKKAA,L,1,CancerPPD
2037,3290,KWKLFKKIPKFLHLAKKF,L,1,CancerPPD
2054,3321,KILRGVAKKIMRTFLRRISKDILTGKK,L,1,CancerPPD
2058,3325,KILRGVAKKIMRTFLRRISKKILTGKK,L,1,CancerPPD
2062,3329,KILRGVAKKIMRTFLRRILTGKK,L,1,CancerPPD
2066,3333,KISKRILTGKK,L,1,CancerPPD
2075,3342,YPFPG,L,1,CancerPPD
2076,3343,RYLGYL,L,1,CancerPPD
2077,3344,PPPEE,L,1,CancerPPD
2084,3356,KWKKLLKKPPPLLKKLLKKL,L,1,CancerPPD
2090,3362,NHFTLKCPKTALTEPPTLAY,L,1,CancerPPD
2096,3368,TAGIKLTVPIEKFPVTTQTFWG,L,1,CancerPPD
2102,3374,GQVWEATATVNAIRGSVTPAVSQFNARTAD,L,1,CancerPPD
2195,3495,VNWKKILGKIIKVVK,L,1,CancerPPD
2196,3496,VNWKKILAKIIKVVK,L,1,CancerPPD
2197,3497,NVWKKILGKIIKVVK,L,1,CancerPPD
2198,3498,VNWKKILKKIIKVVK,L,1,CancerPPD
2199,3499,VNWKKILGKIKKVVK,L,1,CancerPPD
2200,3500,VNWKKILPKIIKVVK,L,1,CancerPPD
2203,3503,KNWKKILGKIIKVVK,L,1,CancerPPD
2204,3504,VNWKKIILGKIIKVVK,L,1,CancerPPD
2205,3506,VNFKKLLGKLLKVVK,L,1,CancerPPD
2206,3508,VNWRRILGRIIRVVR,L,1,CancerPPD
2207,3509,KNWKKILKKIIKVVK,L,1,CancerPPD
2208,3512,VNWKKLLGKLLKVVK,L,1,CancerPPD
2209,3515,VYWKKILGKIIKVVK,L,1,CancerPPD
2210,3516,VNWKKVLGKVVKVVK,L,1,CancerPPD
2211,3517,NKWKKILGKIIKVVK,L,1,CancerPPD
2252,3586,GFGMALKLLKKVL,L,1,CancerPPD
2253,3587,GTGLPMSERRKIMLMMR,L,1,CancerPPD
2254,3589,AFGMALKLLKKVL,L,1,CancerPPD
2255,3590,LFGMALKLLKKVL,L,1,CancerPPD
2258,3593,GFKMALKLLKKVL,L,1,CancerPPD
2262,3598,GFGMALRLLRRVL,L,1,CancerPPD
2283,3636,GMWSKILGHLIK,L,1,CancerPPD
2284,3637,GMWSKILGHLKR,L,1,CancerPPD
2285,3638,GMWSKILGKLIR,L,1,CancerPPD
2286,3639,GMWSKILKHLIR,L,1,CancerPPD
2287,3641,GKWSKILGHLIR,L,1,CancerPPD
2288,3642,KMWSKILGHLIR,L,1,CancerPPD
2289,3643,GMWKKILGKLIR,L,1,CancerPPD
2290,3644,GKWSKILGKLIR,L,1,CancerPPD
2291,3645,GKWKKILGHLIR,L,1,CancerPPD
2292,3646,GKWKKILGKLIR,L,1,CancerPPD
2293,3647,GMWSKILGHLIR,L,1,CancerPPD
2294,3648,GMWSKLLGHLLR,L,1,CancerPPD
2295,3649,GKWMSLLKHILK,L,1,CancerPPD
2296,3651,GKWMSLLKKILK,L,1,CancerPPD
2297,3652,GKWMKLLKHILK,L,1,CancerPPD
2298,3653,GKWKSLLKHILK,L,1,CancerPPD
2300,3655,GKWMSLLKHIWK,L,1,CancerPPD
2301,3656,GKWMSLLKHWLK,L,1,CancerPPD
2302,3658,GKFMSLLKHILK,L,1,CancerPPD
2303,3659,GKWMSFLKHILK,L,1,CancerPPD
2304,3660,GKWMTLLKHILK,L,1,CancerPPD
2305,3661,GKWLSLLKHILK,L,1,CancerPPD
2310,3668,GMWKKILGHLIR,L,1,CancerPPD
2324,3685,GKWMSLWKHILK,L,1,CancerPPD
2353,3718,YGRKKRRQRRRREADFFWSLCTADMS,L,1,CancerPPD
2354,3726,PLLQATLGGGS,L,1,CancerPPD
2385,3793,KILRGVAKKILRTFLRRISKDILTGKK,L,1,CancerPPD
2407,3816,MNFQQRLQSLWTLARPFCPPLLATASQMQMVVLPCLGFTLLLWSQVSGAQGQEFHFGPCQVKGVVPQKLWEAFWAVKDTMQAQDNITSARLLQQEVLQNVSDAESCYLVHTLLEFYLKTVFKNYHNRTVEVRTLKSFSTLANNFVLIVSQLQPSQENEMFSIRDSAHRRFLLFRRAFKQL,L,1,CancerPPD
2409,3818,MNFQQRLQSLWTLARPFCPPLLATASQMQMVVLPCLGFTLLLWSQVSGAQGQEFHFGPCQVKGVVPQKLWEAFWAVKDTMQAQDNITSARLLQQEVLQNVSDAESCYLVHTLLEFYLKTVFKNYHNRTVEVRTLKSFSTLANNFVLIVSQLQPSQENEMFSIRGDSAHRRFLLFRRAFKQLDVEAALTKALGEVDILLTWMQKFYKL,L,1,CancerPPD
2414,3826,MDSNKDERAYAQWVIIILHNVGSSPFKIANLGLSWGKLYADGNKDKEVYPSDYNGKTVGPDEKIQINSCGRENASSGTEGSFDIVDPNDGNKTIRHFYWECPWGSKRNTWTPSGSNTKWMVEWSGQNLDSGALGTITVDVLRKGN,L,1,CancerPPD
2417,3834,IVRRADRAAVP,L,1,CancerPPD
2420,3837,ACDCRGDCFCGGGGIVRRADRAAVP,L,1,CancerPPD
2434,4048,GLFAVIKKVASVIGGL,L,1,CancerPPD
2443,4057,GLFDVIKAVASVIGGL,L,1,CancerPPD
2452,4066,GLFDVIKKVAAVIGGL,L,1,CancerPPD
2453,4084,GLFDVIKKVASVIKKL,L,1,CancerPPD
2462,4093,GLFDVIAKVASVIKKL,L,1,CancerPPD
2471,4102,GLFAVIKKVASVIKGL,L,1,CancerPPD
2480,4111,GLFAVIKKVASVIKKL,L,1,CancerPPD
2489,4120,GLFAVIKKVAAVIKKL,L,1,CancerPPD
2498,4129,GLFAVIKKVAAVIRRL,L,1,CancerPPD
2507,4138,GLFAVIKKVAKVIKKL,L,1,CancerPPD
2509,4149,GLFKVIKKVASVIGGL,L,1,CancerPPD
2516,4156,GLFKVIKKVAKVIKKL,L,1,CancerPPD
2525,4165,LGGIVSAVKKIVDFLG,L,1,CancerPPD
2534,4174,KIFGSLAFL,L,1,CancerPPD
2544,4184,HHPHG,L,1,CancerPPD
2545,4185,HHPHGHHPHG,L,1,CancerPPD
2547,4187,HHPHGHHPHGHHPHG,L,1,CancerPPD
2549,4189,HHPHGHHPHGHHPHGHHPHG,L,1,CancerPPD
2551,4191,GRKKRRQRRR,L,1,CancerPPD
2555,4195,GRKKRRQRRRGGWMWVTNLRTD,L,1,CancerPPD
2559,4200,HSHRDFQPVLHLVALNSPLSGGMRG,L,1,CancerPPD
2560,4201,MRGIRGADFQAFQQARAVGLAGTFR,L,1,CancerPPD
2561,4202,TFRAFLSSRLQDLYSIVRRADRAAV,L,1,CancerPPD
2562,4203,AAVPIVNLKDELLFPSWEALFSGSE,L,1,CancerPPD
2563,4204,GSEGPLKPGARIFSFDGKDVLRHPT,L,1,CancerPPD
2564,4205,HPTWPQKSVWHGSDPNGRRLTESY,L,1,CancerPPD
2565,4206,ETWRTEAPSATGQASSLLGGRLLGQ,L,1,CancerPPD
2566,4207,LGQSAASAHHAYIVLAIENSFMTASKKK,L,1,CancerPPD
2567,4219,YSL,L,1,CancerPPD
2575,4475,KAAKKWAKAAKKAAKAWKKAA,L,1,CancerPPD
2576,4476,KAAKKWAKAWKKAAKAWKKAA,L,1,CancerPPD
2577,4477,KAAKKAWKAWKKAAKAAWKKAA,L,1,CancerPPD
2578,4478,KAAKKAWKAAKKAAKWWKKAA,L,1,CancerPPD
2579,4479,KAAKKAWKWAKKAAKWAKKAA,L,1,CancerPPD
2580,4480,KWWKKAAKAAKKAAKAAKKWA,L,1,CancerPPD
2581,4481,KAAKKAWKAAKKAWKAAKKAA,L,1,CancerPPD
2582,4482,AWKKWAKAWKWAKAKWWAKAA,L,1,CancerPPD
2583,4483,AAWKWAWAKKWAKAKKWAKAA,L,1,CancerPPD
2584,4484,AAKKWAKAKWAKAKKWAKAA,L,1,CancerPPD
2585,4485,KAAKKWAKAAKKWAKAWKKAA,L,1,CancerPPD
2605,4511,GRRKRKWLRRIGKGVKIIGGAALDHL,L,1,CancerPPD
2626,4532,RWGKWFKKATHVGKHVGKAALTAYL,L,1,CancerPPD
2645,4551,GWRTLLKKAEVKTVGKLALKHYL,L,1,CancerPPD
2670,4576,LIAHNQVRQV,L,1,CancerPPD
2671,4577,GVGSPYVSRLLGICL,L,1,CancerPPD
2672,4578,PRFWEYWLRLME,L,1,CancerPPD
2673,4579,LTFEHYWAQLTS,L,1,CancerPPD
2674,4580,LTAEHYAAQATS,L,1,CancerPPD
2675,4581,QETFSDLWKLLP,L,1,CancerPPD
2676,1118,gigkflkkakkfakafvkiinn,D,1,CancerPPD
2677,3505,vnwkkilgkiikvvk,D,1,CancerPPD
2678,3514,vnwkkllgkllkvvk,D,1,CancerPPD
2683,3588,gfgmalkllkkvl,D,1,CancerPPD
2686,3635,gmwskilghlir,D,1,CancerPPD
2687,3650,gkwmsllkhilk,D,1,CancerPPD
2692,4039,glfdvikkvasviggl,D,1,CancerPPD
2701,1441,KLlRLLkkLlRLlLK,mix,1,CancerPPD
2702,1442,KlllKLKlKlLK,mix,1,CancerPPD
2704,1444,KLllKLKlKlLK,mix,1,CancerPPD
2705,1530,FKRiVQRiKDFlRNLV,mix,1,CancerPPD
2706,1789,FALALKALKKALkkLKKALKKAL,mix,1,CancerPPD
2713,2855,KLlLKlLkkLLKlLKKK,mix,1,CancerPPD
2720,2862,KQLIRFLKRLDRNGGGKLlLKlLkkLLKlLKKK,mix,1,CancerPPD
2727,2869,LKlLKKLlkKLLkLL,mix,1,CancerPPD
2742,2913,THRPPMWSPVWPGGGKLlLKlLkkLLKlLKKK,mix,1,CancerPPD
2754,3206,KVKVKVKVpPTKVKVKVK,mix,1,CancerPPD
2758,3218,kvkvkvkvPptkvkvkvk,mix,1,CancerPPD
2762,3756,KWKSFLkTFKSLKKTVLHTLLKAISS,mix,1,CancerPPD
2763,3757,KWKSFLKTFKSLKkTVLHTLLKAISS,mix,1,CancerPPD
2764,3758,KWKSFLKTFKSLKKTVLHTLLkAISS,mix,1,CancerPPD
2765,3759,KWKSFLkTFKSLKkTVLHTLLKAISS,mix,1,CancerPPD
2766,3760,KWKSFLKTFKSLKkTVLHTLLkAISS,mix,1,CancerPPD
2768,3762,KWKSFLkTFkSLKkTVLHTLLkAISS,mix,1,CancerPPD
2769,3763,KWkSFLkTFkSLKkTVLHTLLkAISS,mix,1,CancerPPD
2770,3764,kWkSFLkTFkSLKkTVLHTLLkAISS,mix,1,CancerPPD
2771,3765,KWKSFlKTFKSLKKTVLHTLLKAISS,mix,1,CancerPPD
2772,3766,KWKSFLKTFKSlKKTVLHTLLKAISS,mix,1,CancerPPD
2773,3767,KWKSFLKTFKSLKKTVLHTlLKAISS,mix,1,CancerPPD
2774,3768,KWKSFlKTFKSlKKTVLHTLLKAISS,mix,1,CancerPPD
2775,3769,KWKSFLKTFKSlKKTVLHTlLKAISS,mix,1,CancerPPD
2776,3770,KWKSFlKTFKSlKKTVLHTlLKAISS,mix,1,CancerPPD
2777,3771,KWKSFlKTFKSlKKTVlHTlLKAISS,mix,1,CancerPPD
2778,3772,KWKSFlKTFKSlKKTVlHTllKAISS,mix,1,CancerPPD
2779,4227,rrrrrrrrGNLWAAQRYGRELRRMSDEFVDSFKK,mix,1,CancerPPD
2791,4239,rrrrrrrrGEDIIRNIARHLAQVGDSMDR,mix,1,CancerPPD
2803,4251,rrrrrrrrGEDIIRNIARHAAQVGASMDR,mix,1,CancerPPD
2815,4263,lKKllKKllKKl,mix,1,CancerPPD
2823,4275,lRRllRRllRRl,mix,1,CancerPPD
2825,4278,DDAlRRllRRllRRl,mix,1,CancerPPD
2827,4335,YHWYGYTPQNVIGGGKLlLKlLkkLLKlLKKK,mix,1,CancerPPD
2833,4341,YRWYGYTPQNVIGGGKLlLKlLkkLLKlLKKK,mix,1,CancerPPD
2839,4347,NYQWVPYQGRVPYPRGGLLkLLKklLKKLlKL,mix,1,CancerPPD
2843,4351,GRVPYPRGGLLkLLKklLKKLlKL,mix,1,CancerPPD
2849,3157,WRWRWRWRW,L,0,CancerPPD
2853,3161,RWRWRWRW,L,0,CancerPPD
2857,3189,(K-Aib-C(CH2CO-2'-Pac))2,L,0,CancerPPD
2858,3190,(K-Aib-C(CH2CO-2'-Pac))3,L,0,CancerPPD
2859,3191,(K-Aib-C(CH2CO-2'-Pac))4,L,0,CancerPPD
2866,3305,WKKW-Dip-KKWK,L,0,CancerPPD
2869,3308,KKWWKKW-Dip-K,L,0,CancerPPD
2872,3311,OOW-Dip-OOWWO,L,0,CancerPPD
2875,3507,VN-Nal-KKLLGKLLKVVK,L,0,CancerPPD
2876,3510,VNWKK-Aib-LGK-Aib-IK-Aib-VK,L,0,CancerPPD
2877,3511,KNWKK-Aib-LKK-Aib-IK-Aib-VK,L,0,CancerPPD
2884,3599,GFGMALKL-(AC6C)-KKVL,L,0,CancerPPD
2885,3600,GFGMALK-(AC6C)-LKKVL,L,0,CancerPPD
2886,3601,GFGMA-(AC6C)-KLLKKVL,L,0,CancerPPD
2893,3773,"KKWÎ²2,2WKK",L,0,CancerPPD
2894,3774,"KW_Î²2,2WKK",L,0,CancerPPD
2895,3775,"KK_Î²2,2WKK",L,0,CancerPPD
2896,3776,"KW_Î²2,2KK",L,0,CancerPPD
2897,3777,"KKW_Î²2,2WKK",L,0,CancerPPD
2909,3847,YA*,L,0,CancerPPD
2934,3872,YSA*,L,0,CancerPPD
2979,3917,YSA*G,L,0,CancerPPD
3004,3942,YRA*G,L,0,CancerPPD
3028,3966,YA*GFM,L,0,CancerPPD
3079,4017,YGGFMA*,L,0,CancerPPD
3092,4208,Aoc-Hse-E-Dhb-Hyp-Hse-FLIILG,L,0,CancerPPD
3095,4211,A-Hleu-QN-MeIle-Hasn-TPLT-Ade-V-Hleu,L,0,CancerPPD
3102,4618,KWKWKW,L,0,CancerPPD
3107,5015,KAQ-Dip-QKQAW,L,0,CancerPPD
3108,4199,lw,D,0,CancerPPD
3109,3165,fCYwO-CyLeu-Pen-TKKrPKPfQwFwL-CyLeu-KKLMYPTYLKKfQWAV-Aib-HL,mix,0,CancerPPD
3133,3720,fA*YwKA*T,mix,0,CancerPPD
